{"resultCount":21,"offset":0,"limit":100,"queryTime":4,"results":[{"ort":"KARLSKRONA","e-post":"region@regionblekinge.se","webbadress":"http://www.regionblekinge.se","postnr":"37181","telefon":"0455-73 10 00","namn":"Region Blekinge","postaddress 1":"","region":"Region Blekinge","läns-/kommunkod":"10","organisationsnummer":"232100-0081?"},{"ort":"FALUN","e-post":"region.dalarna@regiondalarna.se","webbadress":"http://www.regiondalarna.se","postnr":"79129","telefon":"023-49 00 00","namn":"Region Dalarna","postaddress 1":"Box 712","region":"Region Dalarna","läns-/kommunkod":"20","organisationsnummer":"232100-0180?"},{"ort":"GÄVLE","e-post":"rg@regiongavleborg.se","webbadress":"http://www.regiongavleborg.se","postnr":"80188","telefon":"026-15 40 00","namn":"Region Gävleborg","postaddress 1":"","region":"Region Gävleborg","läns-/kommunkod":"21","organisationsnummer":"232100-0198?"},{"ort":"VISBY","e-post":"regiongotland@gotland.se","webbadress":"http://www.gotland.se","postnr":"62181","telefon":"0498-26 90 00","namn":"Region Gotland (region)","postaddress 1":"","region":"Region Gotland","läns-/kommunkod":"09","organisationsnummer":"212000-0803?"},{"ort":"HALMSTAD","e-post":"regionen@regionhalland.se","webbadress":"http://www.regionhalland.se","postnr":"30180","telefon":"035-13 48 00","namn":"Region Halland","postaddress 1":"Box 517","region":"Region Halland","läns-/kommunkod":"13","organisationsnummer":"232100-0115?"},{"ort":"ÖSTERSUND","e-post":"region@regionjh.se","webbadress":"http://www.regionjh.se/","postnr":"83127","telefon":"063-14 75 00","namn":"Region Jämtland Härjedalen","postaddress 1":"Box 654","region":"Region Jämtland Härjedalen","läns-/kommunkod":"23","organisationsnummer":"232100-0214?"},{"ort":"JÖNKÖPING","e-post":"regionen@rjl.se","webbadress":"http://www.rjl.se","postnr":"55111","telefon":"010-241 00 00","namn":"Region Jönköpings län","postaddress 1":"Box 1024","region":"Region Jönköpings län","läns-/kommunkod":"06","organisationsnummer":"232100-0057?"},{"ort":"KALMAR","e-post":"region@regionkalmar.se ","webbadress":"http://www.regionkalmar.se","postnr":"39126","telefon":"0480-840 00","namn":"Region Kalmar län","postaddress 1":"Box 601","region":"Region Kalmar län","läns-/kommunkod":"08","organisationsnummer":"232100-0073?"},{"ort":"VÄXJÖ","e-post":"registrator@kronoberg.se","webbadress":"http://www.regionkronoberg.se","postnr":"35188","telefon":"0470-58 80 00","namn":"Region Kronoberg","postaddress 1":"","region":"Region Kronoberg","läns-/kommunkod":"07","organisationsnummer":"232100-0065?"},{"ort":"LULEÅ","e-post":"regionnorrbotten@norrbotten.se","webbadress":"http://www.norrbotten.se","postnr":"97189","telefon":"0920-28 40 00","namn":"Region Norrbotten","postaddress 1":"","region":"Region Norrbotten","läns-/kommunkod":"25","organisationsnummer":"232100-0230?"},{"ort":"ÖREBRO","e-post":"regionen@regionorebrolan.se","webbadress":"http://www.regionorebrolan.se","postnr":"70116","telefon":"019-602 10 00","namn":"Region Örebro län","postaddress 1":"Box 1613","region":"Region Örebro län","läns-/kommunkod":"18","organisationsnummer":"232100-0164?"},{"ort":"LINKÖPING","e-post":"region@regionostergotland.se","webbadress":"http://www.regionostergotland.se","postnr":"58191","telefon":"010-103 00 00","namn":"Region Östergötland","postaddress 1":"","region":"Region Östergötland","läns-/kommunkod":"05","organisationsnummer":"232100-0040?"},{"ort":"KRISTIANSTAD","e-post":"region@skane.se","webbadress":"http://www.skane.se","postnr":"29189","telefon":"044-309 30 00","namn":"Region Skåne","postaddress 1":"","region":"Region Skåne","läns-/kommunkod":"12","organisationsnummer":"232100-0255?"},{"ort":"NYKÖPING","e-post":"registratur@regionsormland.se","webbadress":"http://www.regionsormland.se","postnr":"61188","telefon":"0155-24 50 00","namn":"Region Sörmland","postaddress 1":"","region":"Region Sörmland","läns-/kommunkod":"04","organisationsnummer":"232100-0032?"},{"ort":"STOCKHOLM","e-post":"kontakt@regionstockholm.se","webbadress":"https://www.regionstockholm.se","postnr":"10422","telefon":"08-737 25 00","namn":"Region Stockholm","postaddress 1":"Box 22550","region":"Region Stockholm","läns-/kommunkod":"01","organisationsnummer":"232100-0016?"},{"ort":"UPPSALA","e-post":"region.uppsala@regionuppsala.se","webbadress":"http://www.regionuppsala.se/","postnr":"75185","telefon":"018-611 00 00","namn":"Region Uppsala","postaddress 1":"","region":"Region Uppsala","läns-/kommunkod":"03","organisationsnummer":"232100-0024?"},{"ort":"KARLSTAD","e-post":"region@regionvarmland.se","webbadress":"http://www.regionvarmland.se","postnr":"65182","telefon":"010-831 50 00","namn":"Region Värmland","postaddress 1":"","region":"Region Värmland","läns-/kommunkod":"17","organisationsnummer":"232100-0156?"},{"ort":"UMEÅ","e-post":"regionen@regionvasterbotten.se","webbadress":"http://www.regionvasterbotten.se","postnr":"90189","telefon":"090-785 00 00","namn":"Region Västerbotten","postaddress 1":"","region":"Region Västerbotten","läns-/kommunkod":"24","organisationsnummer":"232100-0222?"},{"ort":"HÄRNÖSAND","e-post":"region.vasternorrland@rvn.se","webbadress":"http://www.rvn.se","postnr":"87185","telefon":"0611-800 00","namn":"Region Västernorrland","postaddress 1":"","region":"Region Västernorrland","läns-/kommunkod":"22","organisationsnummer":"232100-0206"},{"ort":"VÄSTERÅS","e-post":"region@regionvastmanland.se","webbadress":"http://www.regionvastmanland.se/","postnr":"72189","telefon":"021-17 30 00","namn":"Region Västmanland","postaddress 1":"Regionhuset","region":"Region Västmanland","läns-/kommunkod":"19","organisationsnummer":"232100-0172?"},{"ort":"VÄNERSBORG","e-post":"post@vgregion.se","webbadress":"http://www.vgregion.se","postnr":"46280","telefon":"010-441 00 00","namn":"Västra Götalandsregionen","postaddress 1":"Regionens Hus","region":"Västra Götalandsregionen","läns-/kommunkod":"14","organisationsnummer":"232100-0131?"}]}