{"next":"https://catalog.skl.se/rowstore/dataset/ed60ba69-f267-4b63-9f62-840342ba29f6/json?_offset=290&_limit=290","resultCount":290,"offset":0,"limit":290,"queryTime":4399959,"results":[{"ort":"ALAFORS","e-post":"kommun@ale.se","webbadress":"http://www.ale.se","postnr":"44980","telefon":"0303-70 30 00","namn":"Ale kommun","postaddress 1":"","länstillhörighet":"14","läns-/kommunkod":"1440"},{"ort":"ALINGSÅS","e-post":"kommunstyrelsen@alingsas.se","webbadress":"http://www.alingsas.se","postnr":"44181","telefon":"0322-616000","namn":"Alingsås kommun","postaddress 1":"","länstillhörighet":"14","läns-/kommunkod":"1489"},{"ort":"ÄLMHULT","e-post":"info@almhult.se","webbadress":"http://www.almhult.se","postnr":"34323","telefon":"0476-55000","namn":"Älmhults kommun","postaddress 1":"Box 500","länstillhörighet":"07","läns-/kommunkod":"0765"},{"ort":"ÄLVDALEN","e-post":"kommun@alvdalen.se","webbadress":"http://www.alvdalen.se","postnr":"79622","telefon":"0251-313 00","namn":"Älvdalens kommun","postaddress 1":"Box 100","länstillhörighet":"20","läns-/kommunkod":"2039"},{"ort":"ALVESTA","e-post":"klk@alvesta.se","webbadress":"http://www.alvesta.se","postnr":"34280","telefon":"0472-15000","namn":"Alvesta kommun","postaddress 1":"","länstillhörighet":"07","läns-/kommunkod":"0764"},{"ort":"SKUTSKÄR","e-post":"kommun@alvkarleby.se","webbadress":"http://www.alvkarleby.se","postnr":"81421","telefon":"026-83000","namn":"Älvkarleby kommun","postaddress 1":"Box 4","länstillhörighet":"03","läns-/kommunkod":"0319"},{"ort":"ÄLVSBYN","e-post":"kommunen@alvsbyn.se","webbadress":"http://www.alvsbyn.se","postnr":"94285","telefon":"0929 - 17000","namn":"Älvsbyns kommun","postaddress 1":"","länstillhörighet":"25","läns-/kommunkod":"2560"},{"ort":"ÅMÅL","e-post":"kommun@amal.se","webbadress":"http://www.amal.se","postnr":"66222","telefon":"0532-17000","namn":"Åmåls kommun","postaddress 1":"Box 62","länstillhörighet":"14","läns-/kommunkod":"1492"},{"ort":"ANEBY","e-post":"info@aneby.se","webbadress":"http://www.aneby.se","postnr":"57822","telefon":"0380-461 00","namn":"Aneby kommun","postaddress 1":"Box 53","länstillhörighet":"06","läns-/kommunkod":"0604"},{"ort":"ÅNGE","e-post":"ange@ange.se","webbadress":"http://www.ange.se","postnr":"84181","telefon":"0690 - 25 01 00","namn":"Ånge kommun","postaddress 1":"","länstillhörighet":"22","läns-/kommunkod":"2260"},{"ort":"ÄNGELHOLM","e-post":"info@engelholm.se","webbadress":"http://www.engelholm.se","postnr":"26280","telefon":"0431-870 00","namn":"Ängelholms kommun","postaddress 1":"","länstillhörighet":"12","läns-/kommunkod":"1292"},{"ort":"ARBOGA","e-post":"arboga.kommun@arboga.se","webbadress":"http://www.arboga.se","postnr":"73221","telefon":"0589-87000","namn":"Arboga kommun","postaddress 1":"Box 45","länstillhörighet":"19","läns-/kommunkod":"1984"},{"ort":"JÄRPEN","e-post":"kundtjanst@are.se","webbadress":"http://www.are.se","postnr":"83005","telefon":"0647-161 00","namn":"Åre kommun","postaddress 1":"Box 201","länstillhörighet":"23","läns-/kommunkod":"2321"},{"ort":"ÅRJÄNG","e-post":"kommun@arjang.se","webbadress":"http://www.arjang.se","postnr":"67229","telefon":"0573-14100","namn":"Årjängs kommun","postaddress 1":"Box 906","länstillhörighet":"17","läns-/kommunkod":"1765"},{"ort":"ARJEPLOG","e-post":"kommun@arjeplog.se","webbadress":"http://www.arjeplog.se","postnr":"93881","telefon":"0961-140 00","namn":"Arjeplogs kommun","postaddress 1":"","länstillhörighet":"25","läns-/kommunkod":"2506"},{"ort":"ARVIDSJAUR","e-post":"kommun@arvidsjaur.se","webbadress":"http://www.arvidsjaur.se","postnr":"93381","telefon":"0960-15500","namn":"Arvidsjaurs kommun","postaddress 1":"","länstillhörighet":"25","läns-/kommunkod":"2505"},{"ort":"ARVIKA","e-post":"arvika.kommun@arvika.se","webbadress":"http://www.arvika.se","postnr":"67181","telefon":"0570-816 00","namn":"Arvika kommun","postaddress 1":"","länstillhörighet":"17","läns-/kommunkod":"1784"},{"ort":"ÅSELE","e-post":"kommun@asele.se","webbadress":"http://www.asele.se","postnr":"91985","telefon":"0941-14000","namn":"Åsele kommun","postaddress 1":"","länstillhörighet":"24","läns-/kommunkod":"2463"},{"ort":"ASKERSUND","e-post":"kommun@askersund.se","webbadress":"http://www.askersund.se","postnr":"69682","telefon":"0583-81000","namn":"Askersunds kommun","postaddress 1":"","länstillhörighet":"18","läns-/kommunkod":"1882"},{"ort":"ÅSTORP","e-post":"kommun@astorp.se","webbadress":"http://www.astorp.se","postnr":"26580","telefon":"042-64000","namn":"Åstorps kommun","postaddress 1":"","länstillhörighet":"12","läns-/kommunkod":"1277"},{"ort":"ÅTVIDABERG","e-post":"kontakt@atvidaberg.se","webbadress":"http://www.atvidaberg.se","postnr":"59725","telefon":"0120-830 00","namn":"Åtvidabergs kommun","postaddress 1":"Box 206","länstillhörighet":"05","läns-/kommunkod":"0561"},{"ort":"AVESTA","e-post":"kommun@avesta.se","webbadress":"http://www.avesta.se","postnr":"77481","telefon":"0226-645000","namn":"Avesta kommun","postaddress 1":"","länstillhörighet":"20","läns-/kommunkod":"2084"},{"ort":"BÅSTAD","e-post":"bastads.kommun@bastad.se","webbadress":"http://www.bastad.se","postnr":"26980","telefon":"0431-77000","namn":"Båstads kommun","postaddress 1":"","länstillhörighet":"12","läns-/kommunkod":"1278"},{"ort":"BENGTSFORS","e-post":"kommun@bengtsfors.se","webbadress":"http://www.bengtsfors.se","postnr":"66621","telefon":"0531-526000","namn":"Bengtsfors kommun","postaddress 1":"Box 14","länstillhörighet":"14","läns-/kommunkod":"1460"},{"ort":"SVENSTAVIK","e-post":"bergs.kommun@berg.se","webbadress":"http://www.berg.se","postnr":"84521","telefon":"0687-161 00","namn":"Bergs kommun","postaddress 1":"Box 73","länstillhörighet":"23","läns-/kommunkod":"2326"},{"ort":"BJURHOLM","e-post":"kommunen@bjurholm.se","webbadress":"http://www.bjurholm.se","postnr":"91681","telefon":"0932-14000","namn":"Bjurholms kommun","postaddress 1":"","länstillhörighet":"24","läns-/kommunkod":"2403"},{"ort":"BJUV","e-post":"info@bjuv.se","webbadress":"http://www.bjuv.se","postnr":"26725","telefon":"042-4585000","namn":"Bjuvs kommun","postaddress 1":"Box 501","länstillhörighet":"12","läns-/kommunkod":"1260"},{"ort":"BODEN","e-post":"kommunen@boden.se","webbadress":"http://www.boden.se","postnr":"96186","telefon":"0921-62000","namn":"Bodens kommun","postaddress 1":"","länstillhörighet":"25","läns-/kommunkod":"2582"},{"ort":"BOLLEBYGD","e-post":"kommunen@bollebygd.se","webbadress":"http://www.bollebygd.se","postnr":"51783","telefon":"033-23 13 00","namn":"Bollebygds kommun","postaddress 1":"","länstillhörighet":"14","läns-/kommunkod":"1443"},{"ort":"BOLLNÄS","e-post":"bollnas@bollnas.se","webbadress":"http://www.bollnas.se","postnr":"82180","telefon":"0278-25000","namn":"Bollnäs kommun","postaddress 1":"","länstillhörighet":"21","läns-/kommunkod":"2183"},{"ort":"BORÅS","e-post":"boras.stad@boras.se","webbadress":"http://www.boras.se","postnr":"50180","telefon":"033-357000","namn":"Borås stad","postaddress 1":"","länstillhörighet":"14","läns-/kommunkod":"1490"},{"ort":"BORGHOLM","e-post":"kommun@borgholm.se","webbadress":"http://www.borgholm.se","postnr":"38721","telefon":"0485-88000","namn":"Borgholms kommun","postaddress 1":"Box 52","länstillhörighet":"08","läns-/kommunkod":"0885"},{"ort":"BORLÄNGE","e-post":"kommun@borlange.se","webbadress":"http://www.borlange.se","postnr":"78181","telefon":"0243-74000","namn":"Borlänge kommun","postaddress 1":"","länstillhörighet":"20","läns-/kommunkod":"2081"},{"ort":"TUMBA","e-post":"medborgarcenter@botkyrka.se","webbadress":"http://www.botkyrka.se","postnr":"14785","telefon":"08-530 610 00","namn":"Botkyrka kommun","postaddress 1":"","länstillhörighet":"01","läns-/kommunkod":"0127"},{"ort":"BOXHOLM","e-post":"kommun@boxholm.se","webbadress":"http://www.boxholm.se","postnr":"59010","telefon":"0142-89500","namn":"Boxholms kommun","postaddress 1":"Box 79","länstillhörighet":"05","läns-/kommunkod":"0560"},{"ort":"BRÄCKE","e-post":"bracke@bracke.se","webbadress":"http://www.bracke.se","postnr":"84060","telefon":"0693-16100","namn":"Bräcke kommun","postaddress 1":"Box 190","länstillhörighet":"23","läns-/kommunkod":"2305"},{"ort":"BROMÖLLA","e-post":"kommunstyrelsen@bromolla.se","webbadress":"http://www.bromolla.se","postnr":"29521","telefon":"0456-822000","namn":"Bromölla kommun","postaddress 1":"Box 18","länstillhörighet":"12","läns-/kommunkod":"1272"},{"ort":"ARLÖV","e-post":"burlovs.kommun@burlov.se","webbadress":"http://www.burlov.se","postnr":"23221","telefon":"040-625 60 00","namn":"Burlövs kommun","postaddress 1":"Box 53","länstillhörighet":"12","läns-/kommunkod":"1231"},{"ort":"ED","e-post":"kommun@dalsed.se","webbadress":"http://www.dalsed.se","postnr":"66821","telefon":"0534-190 00","namn":"Dals-Eds kommun","postaddress 1":"Box 31","länstillhörighet":"14","läns-/kommunkod":"1438"},{"ort":"DJURSHOLM","e-post":"kommunen@danderyd.se","webbadress":"http://www.danderyd.se","postnr":"18205","telefon":"08-568 910 00","namn":"Danderyds kommun","postaddress 1":"Box 66","länstillhörighet":"01","läns-/kommunkod":"0162"},{"ort":"DEGERFORS","e-post":"kommun@degerfors.se","webbadress":"http://www.degerfors.se","postnr":"69380","telefon":"0586-48100","namn":"Degerfors kommun","postaddress 1":"","länstillhörighet":"18","läns-/kommunkod":"1862"},{"ort":"DOROTEA","e-post":"info@dorotea.se","webbadress":"http://www.dorotea.se","postnr":"91781","telefon":"0942-14000","namn":"Dorotea kommun","postaddress 1":"","länstillhörighet":"24","läns-/kommunkod":"2425"},{"ort":"CHARLOTTENBERG","e-post":"kommun@eda.se","webbadress":"http://www.eda.se","postnr":"67322","telefon":"0571-281 00","namn":"Eda kommun","postaddress 1":"Box 66","länstillhörighet":"17","läns-/kommunkod":"1730"},{"ort":"EKERÖ","e-post":"info@ekero.se","webbadress":"http://www.ekero.se","postnr":"17823","telefon":"08-124 571 00","namn":"Ekerö kommun","postaddress 1":"Box 205","länstillhörighet":"01","läns-/kommunkod":"0125"},{"ort":"EKSJÖ","e-post":"kommun@eksjo.se","webbadress":"http://www.eksjo.se","postnr":"57580","telefon":"0381-36000","namn":"Eksjö kommun","postaddress 1":"","länstillhörighet":"06","läns-/kommunkod":"0686"},{"ort":"EMMABODA","e-post":"kommunen@emmaboda.se","webbadress":"http://www.emmaboda.se","postnr":"36121","telefon":"0471-24 90 00","namn":"Emmaboda kommun","postaddress 1":"Box 54","länstillhörighet":"08","läns-/kommunkod":"0862"},{"ort":"ENKÖPING","e-post":"kommunen@enkoping.se","webbadress":"http://www.enkoping.se","postnr":"74580","telefon":"0171-62 50 00","namn":"Enköpings kommun","postaddress 1":"","länstillhörighet":"03","läns-/kommunkod":"0381"},{"ort":"ESKILSTUNA","e-post":"eskilstuna.kommun@eskilstuna.se","webbadress":"http://www.eskilstuna.se/","postnr":"63186","telefon":"016-710 10 00","namn":"Eskilstuna kommun","postaddress 1":"","länstillhörighet":"04","läns-/kommunkod":"0484"},{"ort":"ESLÖV","e-post":"kommunen@eslov.se","webbadress":"http://www.eslov.se","postnr":"24180","telefon":"0413-620 00","namn":"Eslövs kommun","postaddress 1":"","länstillhörighet":"12","läns-/kommunkod":"1285"},{"ort":"NOSSEBRO","e-post":"kommun@essunga.se","webbadress":"http://www.essunga.se","postnr":"46582","telefon":"0512-57000","namn":"Essunga kommun","postaddress 1":"","länstillhörighet":"14","läns-/kommunkod":"1445"},{"ort":"FAGERSTA","e-post":"info@fagersta.se","webbadress":"http://www.fagersta.se","postnr":"73780","telefon":"0223-44000","namn":"Fagersta kommun","postaddress 1":"","länstillhörighet":"19","läns-/kommunkod":"1982"},{"ort":"FALKENBERG","e-post":"kommun@falkenberg.se","webbadress":"http://www.falkenberg.se","postnr":"31180","telefon":"0346-886000","namn":"Falkenbergs kommun","postaddress 1":"","länstillhörighet":"13","läns-/kommunkod":"1382"},{"ort":"FALKÖPING","e-post":"kommunen@falkoping.se","webbadress":"http://www.falkoping.se","postnr":"52181","telefon":"0515-885000","namn":"Falköpings kommun","postaddress 1":"","länstillhörighet":"14","läns-/kommunkod":"1499"},{"ort":"FALUN","e-post":"kontaktcenter@falun.se","webbadress":"http://www.falun.se","postnr":"79183","telefon":"023-830 00","namn":"Falu kommun","postaddress 1":"","länstillhörighet":"20","läns-/kommunkod":"2080"},{"ort":"FÄRGELANDA","e-post":"kommun@fargelanda.se","webbadress":"http://www.fargelanda.se","postnr":"45880","telefon":"0528-567000","namn":"Färgelanda kommun","postaddress 1":"","länstillhörighet":"14","läns-/kommunkod":"1439"},{"ort":"FILIPSTAD","e-post":"kommun@filipstad.se","webbadress":"http://www.filipstad.se","postnr":"68227","telefon":"0590-61100","namn":"Filipstads kommun","postaddress 1":"Box 303","länstillhörighet":"17","läns-/kommunkod":"1782"},{"ort":"FINSPÅNG","e-post":"kommun@finspang.se","webbadress":"http://www.finspang.se","postnr":"61280","telefon":"0122-85000","namn":"Finspångs kommun","postaddress 1":"","länstillhörighet":"05","läns-/kommunkod":"0562"},{"ort":"FLEN","e-post":"flenskommun@flen.se","webbadress":"http://www.flen.se","postnr":"64281","telefon":"0157-43 00 00","namn":"Flens kommun","postaddress 1":"","länstillhörighet":"04","läns-/kommunkod":"0482"},{"ort":"FORSHAGA","e-post":"kommun@forshaga.se","webbadress":"http://www.forshaga.se","postnr":"66722","telefon":"054-172000","namn":"Forshaga kommun","postaddress 1":"Box 93","länstillhörighet":"17","läns-/kommunkod":"1763"},{"ort":"GAGNEF","e-post":"registrator@gagnef.se","webbadress":"http://www.gagnef.se","postnr":"78580","telefon":"0241-15100","namn":"Gagnefs kommun","postaddress 1":"","länstillhörighet":"20","läns-/kommunkod":"2026"},{"ort":"GÄLLIVARE","e-post":"post@gallivare.se","webbadress":"http://www.gellivare.se","postnr":"98281","telefon":"0970-81 80 00","namn":"Gällivare kommun","postaddress 1":"","länstillhörighet":"25","läns-/kommunkod":"2523"},{"ort":"GÄVLE","e-post":"gavle.kommun@gavle.se","webbadress":"http://www.gavle.se","postnr":"80184","telefon":"026-17 80 00","namn":"Gävle kommun","postaddress 1":"","länstillhörighet":"21","läns-/kommunkod":"2180"},{"ort":"GISLAVED","e-post":"kommunen@gislaved.se","webbadress":"http://www.gislaved.se","postnr":"33280","telefon":"0371-81000","namn":"Gislaveds kommun","postaddress 1":"","länstillhörighet":"06","läns-/kommunkod":"0662"},{"ort":"GNESTA","e-post":"gnesta.kommun@gnesta.se","webbadress":"http://www.gnesta.se","postnr":"64680","telefon":"0158-27 50 00","namn":"Gnesta kommun","postaddress 1":"","länstillhörighet":"04","läns-/kommunkod":"0461"},{"ort":"GNOSJÖ","e-post":"kommun@gnosjo.se","webbadress":"http://www.gnosjo.se","postnr":"33580","telefon":"0370-331000","namn":"Gnosjö kommun","postaddress 1":"","länstillhörighet":"06","läns-/kommunkod":"0617"},{"ort":"GÖTEBORG","e-post":"stadsledningskontoret@stadshuset.goteborg.se","webbadress":"http://www.goteborg.se","postnr":"40482","telefon":"031-365 00 00","namn":"Göteborgs stad","postaddress 1":"","länstillhörighet":"14","läns-/kommunkod":"1480"},{"ort":"GÖTENE","e-post":"gotene.kommun@gotene.se","webbadress":"http://www.gotene.se","postnr":"53380","telefon":"0511-38 60 00","namn":"Götene kommun","postaddress 1":"","länstillhörighet":"14","läns-/kommunkod":"1471"},{"ort":"GRÄSTORP","e-post":"kommun@grastorp.se","webbadress":"http://www.grastorp.se","postnr":"46780","telefon":"0514-58000","namn":"Grästorps kommun","postaddress 1":"","länstillhörighet":"14","läns-/kommunkod":"1444"},{"ort":"GRUMS","e-post":"kommunstyrelse@grums.se","webbadress":"http://www.grums.se","postnr":"66480","telefon":"0555-42000","namn":"Grums kommun","postaddress 1":"","länstillhörighet":"17","läns-/kommunkod":"1764"},{"ort":"HOVA","e-post":"kommun@gullspang.se","webbadress":"http://www.gullspang.se","postnr":"54822","telefon":"0506-36000","namn":"Gullspångs kommun","postaddress 1":"Box 80","länstillhörighet":"14","läns-/kommunkod":"1447"},{"ort":"HABO","e-post":"info@habokommun.se","webbadress":"http://www.habokommun.se","postnr":"56624","telefon":"036-4428000","namn":"Habo kommun","postaddress 1":"Box 212","länstillhörighet":"06","läns-/kommunkod":"0643"},{"ort":"BÅLSTA","e-post":"kommun@habo.se","webbadress":"http://www.habo.se","postnr":"74680","telefon":"0171-525 00","namn":"Håbo kommun","postaddress 1":"","länstillhörighet":"03","läns-/kommunkod":"0305"},{"ort":"HAGFORS","e-post":"kommun@hagfors.se","webbadress":"http://www.hagfors.se","postnr":"68380","telefon":"0563-185 00","namn":"Hagfors kommun","postaddress 1":"","länstillhörighet":"17","läns-/kommunkod":"1783"},{"ort":"HÄLLEFORS","e-post":"kommun@hellefors.se","webbadress":"http://www.hellefors.se","postnr":"71283","telefon":"0591-64100","namn":"Hällefors kommun","postaddress 1":"","länstillhörighet":"18","läns-/kommunkod":"1863"},{"ort":"HALLSBERG","e-post":"kommun@hallsberg.se","webbadress":"http://www.hallsberg.se","postnr":"69480","telefon":"0582-685000","namn":"Hallsbergs kommun","postaddress 1":"","länstillhörighet":"18","läns-/kommunkod":"1861"},{"ort":"HALLSTAHAMMAR","e-post":"kommun@hallstahammar.se","webbadress":"http://www.hallstahammar.se","postnr":"73480","telefon":"0220-24000","namn":"Hallstahammars kommun","postaddress 1":"","länstillhörighet":"19","läns-/kommunkod":"1961"},{"ort":"HALMSTAD","e-post":"kommunstyrelsen@halmstad.se","webbadress":"http://www.halmstad.se","postnr":"30105","telefon":"035-137000","namn":"Halmstads kommun","postaddress 1":"Box 153","länstillhörighet":"13","läns-/kommunkod":"1380"},{"ort":"SKOGHALL","e-post":"kommun@hammaro.se","webbadress":"http://www.hammaro.se","postnr":"66321","telefon":"054-51 50 00","namn":"Hammarö kommun","postaddress 1":"Box 26","länstillhörighet":"17","läns-/kommunkod":"1761"},{"ort":"HANINGE","e-post":"haningekommun@haninge.se","webbadress":"http://www.haninge.se","postnr":"13681","telefon":"08-6067000","namn":"Haninge kommun","postaddress 1":"","länstillhörighet":"01","läns-/kommunkod":"0136"},{"ort":"HAPARANDA","e-post":"kommunen@haparanda.se","webbadress":"http://www.haparanda.se","postnr":"95385","telefon":"0922-260 00","namn":"Haparanda stad","postaddress 1":"","länstillhörighet":"25","läns-/kommunkod":"2583"},{"ort":"SVEG","e-post":"kommun@herjedalen.se","webbadress":"http://www.herjedalen.se","postnr":"84280","telefon":"0680-16100","namn":"Härjedalens kommun","postaddress 1":"Medborgarhuset","länstillhörighet":"23","läns-/kommunkod":"2361"},{"ort":"HÄRNÖSAND","e-post":"kommun@harnosand.se","webbadress":"http://www.harnosand.se","postnr":"87180","telefon":"0611-348000","namn":"Härnösands kommun","postaddress 1":"","länstillhörighet":"22","läns-/kommunkod":"2280"},{"ort":"MÖLNLYCKE","e-post":"kommun@harryda.se","webbadress":"http://www.harryda.se","postnr":"43580","telefon":"031-7246100","namn":"Härryda kommun","postaddress 1":"","länstillhörighet":"14","läns-/kommunkod":"1401"},{"ort":"HÄSSLEHOLM","e-post":"kommunen@hassleholm.se","webbadress":"http://www.hassleholm.se","postnr":"28180","telefon":"0451-267000","namn":"Hässleholms kommun","postaddress 1":"Stadshuset","länstillhörighet":"12","läns-/kommunkod":"1293"},{"ort":"HEBY","e-post":"information@heby.se","webbadress":"http://www.heby.se","postnr":"74488","telefon":"0224-36000","namn":"Heby kommun","postaddress 1":"","länstillhörighet":"03","läns-/kommunkod":"0331"},{"ort":"HEDEMORA","e-post":"kommun@hedemora.se","webbadress":"http://www.hedemora.se","postnr":"77628","telefon":"0225-34000","namn":"Hedemora kommun","postaddress 1":"Box 201","länstillhörighet":"20","läns-/kommunkod":"2083"},{"ort":"HELSINGBORG","e-post":"kontaktcenter@helsingborg.se","webbadress":"http://www.helsingborg.se","postnr":"25189","telefon":"042-10 50 00","namn":"Helsingborgs stad","postaddress 1":"","länstillhörighet":"12","läns-/kommunkod":"1283"},{"ort":"HERRLJUNGA","e-post":"herrljunga.kommun@herrljunga.se","webbadress":"http://www.herrljunga.se","postnr":"52423","telefon":"0513-170 00","namn":"Herrljunga kommun","postaddress 1":"Box 201","länstillhörighet":"14","läns-/kommunkod":"1466"},{"ort":"HJO","e-post":"kommunen@hjo.se","webbadress":"http://www.hjo.se","postnr":"54481","telefon":"0503-350 00","namn":"Hjo kommun","postaddress 1":"","länstillhörighet":"14","läns-/kommunkod":"1497"},{"ort":"HOFORS","e-post":"hofors.kommun@hofors.se","webbadress":"http://www.hofors.se","postnr":"81381","telefon":"0290-29000","namn":"Hofors kommun","postaddress 1":"","länstillhörighet":"21","läns-/kommunkod":"2104"},{"ort":"HÖGANÄS","e-post":"kommunen@hoganas.se","webbadress":"http://www.hoganas.se","postnr":"26382","telefon":"042-337100","namn":"Höganäs kommun","postaddress 1":"Stadshuset","länstillhörighet":"12","läns-/kommunkod":"1284"},{"ort":"HÖGSBY","e-post":"kommun@hogsby.se","webbadress":"http://www.hogsby.se","postnr":"57980","telefon":"0491-290 00","namn":"Högsby kommun","postaddress 1":"","länstillhörighet":"08","läns-/kommunkod":"0821"},{"ort":"HÖÖR","e-post":"kommun@hoor.se","webbadress":"http://www.hoor.se","postnr":"24321","telefon":"0413-28000","namn":"Höörs kommun","postaddress 1":"Box 53","länstillhörighet":"12","läns-/kommunkod":"1267"},{"ort":"HÖRBY","e-post":"kommunen@horby.se","webbadress":"http://www.horby.se","postnr":"24280","telefon":"0415-37 80 00","namn":"Hörby kommun","postaddress 1":"","länstillhörighet":"12","läns-/kommunkod":"1266"},{"ort":"HUDDINGE","e-post":"servicecenter@huddinge.se","webbadress":"http://www.huddinge.se","postnr":"14185","telefon":"08-535 300 00","namn":"Huddinge kommun","postaddress 1":"","länstillhörighet":"01","läns-/kommunkod":"0126"},{"ort":"HUDIKSVALL","e-post":"kommun@hudiksvall.se","webbadress":"http://www.hudiksvall.se","postnr":"82480","telefon":"0650-19000","namn":"Hudiksvalls kommun","postaddress 1":"","länstillhörighet":"21","läns-/kommunkod":"2184"},{"ort":"HULTSFRED","e-post":"kommunen@hultsfred.se","webbadress":"http://www.hultsfred.se","postnr":"57726","telefon":"0495-240000","namn":"Hultsfreds kommun","postaddress 1":"Box 500","länstillhörighet":"08","läns-/kommunkod":"0860"},{"ort":"HYLTEBRUK","e-post":"kommunen@hylte.se","webbadress":"http://www.hylte.se","postnr":"31480","telefon":"0345-18000","namn":"Hylte kommun","postaddress 1":"","länstillhörighet":"13","läns-/kommunkod":"1315"},{"ort":"JÄRFÄLLA","e-post":"kontakt@jarfalla.se","webbadress":"http://www.jarfalla.se","postnr":"17780","telefon":"08-580 285 00","namn":"Järfälla kommun","postaddress 1":"","länstillhörighet":"01","läns-/kommunkod":"0123"},{"ort":"JOKKMOKK","e-post":"kommun@jokkmokk.se","webbadress":"http://www.jokkmokk.se","postnr":"96285","telefon":"0971-17000","namn":"Jokkmokks kommun","postaddress 1":"","länstillhörighet":"25","läns-/kommunkod":"2510"},{"ort":"JÖNKÖPING","e-post":"kommunstyrelse@jonkoping.se","webbadress":"http://www.jonkoping.se","postnr":"55189","telefon":"036-10 50 00","namn":"Jönköpings kommun","postaddress 1":"","länstillhörighet":"06","läns-/kommunkod":"0680"},{"ort":"KALIX","e-post":"kommun@kalix.se","webbadress":"http://www.kalix.se","postnr":"95281","telefon":"0923-65000","namn":"Kalix kommun","postaddress 1":"","länstillhörighet":"25","läns-/kommunkod":"2514"},{"ort":"KALMAR","e-post":"kommun@kalmar.se","webbadress":"http://www.kalmar.se","postnr":"39126","telefon":"0480-450000","namn":"Kalmar kommun","postaddress 1":"Box 611","länstillhörighet":"08","läns-/kommunkod":"0880"},{"ort":"KARLSBORG","e-post":"kommun@karlsborg.se","webbadress":"http://www.karlsborg.se","postnr":"54682","telefon":"0505-17000","namn":"Karlsborgs kommun","postaddress 1":"","länstillhörighet":"14","läns-/kommunkod":"1446"},{"ort":"KARLSHAMN","e-post":"info@karlshamn.se","webbadress":"http://www.karlshamn.se","postnr":"37481","telefon":"0454-81000","namn":"Karlshamns kommun","postaddress 1":"","länstillhörighet":"10","läns-/kommunkod":"1082"},{"ort":"KARLSKOGA","e-post":"info@karlskoga.se","webbadress":"http://www.karlskoga.se","postnr":"69183","telefon":"0586-610 00","namn":"Karlskoga kommun","postaddress 1":"","länstillhörighet":"18","läns-/kommunkod":"1883"},{"ort":"KARLSKRONA","e-post":"karlskrona.kommun@karlskrona.se","webbadress":"http://www.karlskrona.se","postnr":"37183","telefon":"0455-303000","namn":"Karlskrona kommun","postaddress 1":"","länstillhörighet":"10","läns-/kommunkod":"1080"},{"ort":"KARLSTAD","e-post":"karlstadskommun@karlstad.se","webbadress":"http://www.karlstad.se","postnr":"65184","telefon":"054-5400000","namn":"Karlstads kommun","postaddress 1":"","länstillhörighet":"17","läns-/kommunkod":"1780"},{"ort":"KATRINEHOLM","e-post":"kommunen@katrineholm.se","webbadress":"http://www.katrineholm.se","postnr":"64180","telefon":"0150-570 00","namn":"Katrineholms kommun","postaddress 1":"","länstillhörighet":"04","läns-/kommunkod":"0483"},{"ort":"KÄVLINGE","e-post":"kommunen@kavlinge.se","webbadress":"http://www.kavlinge.se","postnr":"24480","telefon":"046-73 90 00","namn":"Kävlinge kommun","postaddress 1":"","länstillhörighet":"12","läns-/kommunkod":"1261"},{"ort":"KIL","e-post":"kommun@kil.se","webbadress":"http://www.kil.se","postnr":"66523","telefon":"0554-19100","namn":"Kils kommun","postaddress 1":"Box 88","länstillhörighet":"17","läns-/kommunkod":"1715"},{"ort":"KISA","e-post":"kinda@kinda.se","webbadress":"http://www.kinda.se","postnr":"59040","telefon":"0494-19000","namn":"Kinda kommun","postaddress 1":"Box 1","länstillhörighet":"05","läns-/kommunkod":"0513"},{"ort":"KIRUNA","e-post":"kommun@kiruna.se","webbadress":"http://www.kiruna.se","postnr":"98185","telefon":"0980-700 00","namn":"Kiruna kommun","postaddress 1":"","länstillhörighet":"25","läns-/kommunkod":"2584"},{"ort":"KLIPPAN","e-post":"kommun@klippan.se","webbadress":"http://www.klippan.se","postnr":"26480","telefon":"0435-28000","namn":"Klippans kommun","postaddress 1":"","länstillhörighet":"12","läns-/kommunkod":"1276"},{"ort":"KNIVSTA","e-post":"knivsta@knivsta.se","webbadress":"http://www.knivsta.se","postnr":"74175","telefon":"018-347000","namn":"Knivsta kommun","postaddress 1":"","länstillhörighet":"03","läns-/kommunkod":"0330"},{"ort":"KÖPING","e-post":"kopings.kommun@koping.se","webbadress":"http://www.koping.se","postnr":"73185","telefon":"0221-25000","namn":"Köpings kommun","postaddress 1":"","länstillhörighet":"19","läns-/kommunkod":"1983"},{"ort":"KRAMFORS","e-post":"kommun@kramfors.se","webbadress":"http://www.kramfors.se","postnr":"87280","telefon":"0612-800 00","namn":"Kramfors kommun","postaddress 1":"","länstillhörighet":"22","läns-/kommunkod":"2282"},{"ort":"KRISTIANSTAD","e-post":"kommun@kristianstad.se","webbadress":"http://www.kristianstad.se","postnr":"29180","telefon":"044-13 50 00","namn":"Kristianstads kommun","postaddress 1":"","länstillhörighet":"12","läns-/kommunkod":"1290"},{"ort":"KRISTINEHAMN","e-post":"kommunen@kristinehamn.se","webbadress":"http://www.kristinehamn.se","postnr":"68184","telefon":"0550-88000","namn":"Kristinehamns kommun","postaddress 1":"","länstillhörighet":"17","läns-/kommunkod":"1781"},{"ort":"KROKOM","e-post":"krokoms.kommun@krokom.se","webbadress":"http://www.krokom.se","postnr":"83580","telefon":"0640-16100","namn":"Krokoms kommun","postaddress 1":"","länstillhörighet":"23","läns-/kommunkod":"2309"},{"ort":"KUMLA","e-post":"kommun@kumla.se","webbadress":"http://www.kumla.se","postnr":"69280","telefon":"019-58 80 00","namn":"Kumla kommun","postaddress 1":"","länstillhörighet":"18","läns-/kommunkod":"1881"},{"ort":"KUNGÄLV","e-post":"kommun@kungalv.se","webbadress":"http://www.kungalv.se","postnr":"44281","telefon":"0303-23 80 00","namn":"Kungälvs kommun","postaddress 1":"","länstillhörighet":"14","läns-/kommunkod":"1482"},{"ort":"KUNGSBACKA","e-post":"kommun@kungsbacka.se","webbadress":"http://www.kungsbacka.se","postnr":"43481","telefon":"0300-834000","namn":"Kungsbacka kommun","postaddress 1":"Stadshuset","länstillhörighet":"13","läns-/kommunkod":"1384"},{"ort":"KUNGSÖR","e-post":"info@kungsor.se","webbadress":"http://www.kungsor.se","postnr":"73685","telefon":"0227-600000","namn":"Kungsörs kommun","postaddress 1":"","länstillhörighet":"19","läns-/kommunkod":"1960"},{"ort":"LAHOLM","e-post":"kommun@laholm.se","webbadress":"http://www.laholm.se","postnr":"31280","telefon":"0430-150 00","namn":"Laholms kommun","postaddress 1":"","länstillhörighet":"13","läns-/kommunkod":"1381"},{"ort":"LANDSKRONA","e-post":"kommun@landskrona.se","webbadress":"http://www.landskrona.se","postnr":"26180","telefon":"0418-470000","namn":"Landskrona stad","postaddress 1":"Stadshuset","länstillhörighet":"12","läns-/kommunkod":"1282"},{"ort":"LAXÅ","e-post":"kommun@laxa.se","webbadress":"http://www.laxa.se","postnr":"69580","telefon":"0584-473100","namn":"Laxå kommun","postaddress 1":"","länstillhörighet":"18","läns-/kommunkod":"1860"},{"ort":"FJUGESTA","e-post":"kontaktcenter@lekeberg.se","webbadress":"http://www.lekeberg.se","postnr":"71681","telefon":"0585-487 00","namn":"Lekebergs kommun","postaddress 1":"","länstillhörighet":"18","läns-/kommunkod":"1814"},{"ort":"LEKSAND","e-post":"kommun@leksand.se","webbadress":"http://www.leksand.se","postnr":"79380","telefon":"0247-80000","namn":"Leksands kommun","postaddress 1":"","länstillhörighet":"20","läns-/kommunkod":"2029"},{"ort":"LERUM","e-post":"kommun@lerum.se","webbadress":"http://www.lerum.se","postnr":"44380","telefon":"0302-52 10 00","namn":"Lerums kommun","postaddress 1":"","länstillhörighet":"14","läns-/kommunkod":"1441"},{"ort":"LESSEBO","e-post":"info@lessebo.se","webbadress":"http://www.lessebo.se","postnr":"36050","telefon":"0478-125 00","namn":"Lessebo kommun","postaddress 1":"Box 13","länstillhörighet":"07","läns-/kommunkod":"0761"},{"ort":"LIDINGÖ","e-post":"lidingo.stad@lidingo.se","webbadress":"http://www.lidingo.se","postnr":"18182","telefon":"08-731 30 00","namn":"Lidingö stad","postaddress 1":"","länstillhörighet":"01","läns-/kommunkod":"0186"},{"ort":"LIDKÖPING","e-post":"kommun@lidkoping.se","webbadress":"http://www.lidkoping.se","postnr":"53188","telefon":"0510-770000","namn":"Lidköpings kommun","postaddress 1":"","länstillhörighet":"14","läns-/kommunkod":"1494"},{"ort":"LILLA EDET","e-post":"kommunen@lillaedet.se","webbadress":"http://www.lillaedet.se","postnr":"46380","telefon":"0520-659500","namn":"Lilla Edets kommun","postaddress 1":"","länstillhörighet":"14","läns-/kommunkod":"1462"},{"ort":"LINDESBERG","e-post":"kommun@lindesberg.se","webbadress":"http://www.lindesberg.se","postnr":"71180","telefon":"0581-81000","namn":"Lindesbergs kommun","postaddress 1":"","länstillhörighet":"18","läns-/kommunkod":"1885"},{"ort":"LINKÖPING","e-post":"kontakt@linkoping.se","webbadress":"http://www.linkoping.se","postnr":"58181","telefon":"013-20 60 00","namn":"Linköpings kommun","postaddress 1":"","länstillhörighet":"05","läns-/kommunkod":"0580"},{"ort":"LJUNGBY","e-post":"info@ljungby.se","webbadress":"http://www.ljungby.se","postnr":"34183","telefon":"0372-78 90 00","namn":"Ljungby kommun","postaddress 1":"","länstillhörighet":"07","läns-/kommunkod":"0781"},{"ort":"LJUSDAL","e-post":"kommun@ljusdal.se","webbadress":"http://www.ljusdal.se","postnr":"82780","telefon":"0651-18000","namn":"Ljusdals kommun","postaddress 1":"","länstillhörighet":"21","läns-/kommunkod":"2161"},{"ort":"KOPPARBERG","e-post":"kommun@ljusnarsberg.se","webbadress":"http://www.ljusnarsberg.se","postnr":"71480","telefon":"0580-805 00","namn":"Ljusnarsbergs kommun","postaddress 1":"","länstillhörighet":"18","läns-/kommunkod":"1864"},{"ort":"LOMMA","e-post":"info@lomma.se","webbadress":"http://www.lomma.se","postnr":"23481","telefon":"040-641 10 00","namn":"Lomma kommun","postaddress 1":"","länstillhörighet":"12","läns-/kommunkod":"1262"},{"ort":"LUDVIKA","e-post":"info@ludvika.se","webbadress":"http://www.ludvika.se","postnr":"77182","telefon":"0240-86000","namn":"Ludvika kommun","postaddress 1":"","länstillhörighet":"20","läns-/kommunkod":"2085"},{"ort":"LULEÅ","e-post":"lulea.kommun@lulea.se","webbadress":"http://www.lulea.se","postnr":"97185","telefon":"0920-45 30 00","namn":"Luleå kommun","postaddress 1":"","länstillhörighet":"25","läns-/kommunkod":"2580"},{"ort":"LUND","e-post":"lunds.kommun@lund.se","webbadress":"http://www.lund.se","postnr":"22100","telefon":"046-355000","namn":"Lunds kommun","postaddress 1":"Box 41","länstillhörighet":"12","läns-/kommunkod":"1281"},{"ort":"LYCKSELE","e-post":"kommun@lycksele.se","webbadress":"http://www.lycksele.se","postnr":"92181","telefon":"0950-16600","namn":"Lycksele kommun","postaddress 1":"","länstillhörighet":"24","läns-/kommunkod":"2481"},{"ort":"LYSEKIL","e-post":"registrator@lysekil.se","webbadress":"http://www.lysekil.se","postnr":"45380","telefon":"0523-61 30 00","namn":"Lysekils kommun","postaddress 1":"","länstillhörighet":"14","läns-/kommunkod":"1484"},{"ort":"MALÅ","e-post":"kommunstyrelsen@mala.se","webbadress":"http://www.mala.se","postnr":"93070","telefon":"0953-140 00","namn":"Malå kommun","postaddress 1":"","länstillhörighet":"24","läns-/kommunkod":"2418"},{"ort":"MALMÖ","e-post":"kommunstyrelsen@malmo.se","webbadress":"http://www.malmo.se","postnr":"20580","telefon":"040-341000","namn":"Malmö stad","postaddress 1":"","länstillhörighet":"12","läns-/kommunkod":"1280"},{"ort":"MALUNG","e-post":"kommun@malung-salen.se","webbadress":"http://www.malung-salen.se","postnr":"78221","telefon":"0280-18100","namn":"Malung-Sälens kommun","postaddress 1":"Box 14","länstillhörighet":"20","läns-/kommunkod":"2023"},{"ort":"MARIESTAD","e-post":"info@mariestad.se","webbadress":"http://www.mariestad.se","postnr":"54286","telefon":"0501-755000","namn":"Mariestads kommun","postaddress 1":"","länstillhörighet":"14","läns-/kommunkod":"1493"},{"ort":"MARKARYD","e-post":"ks@markaryd.se","webbadress":"http://www.markaryd.se","postnr":"28522","telefon":"0433-72000","namn":"Markaryds kommun","postaddress 1":"Box 74","länstillhörighet":"07","läns-/kommunkod":"0767"},{"ort":"KINNA","e-post":"ks@mark.se","webbadress":"http://www.mark.se","postnr":"51180","telefon":"0320-217000","namn":"Marks kommun","postaddress 1":"","länstillhörighet":"14","läns-/kommunkod":"1463"},{"ort":"MELLERUD","e-post":"kommunen@mellerud.se","webbadress":"http://www.mellerud.se","postnr":"46480","telefon":"0530-18000","namn":"Melleruds kommun","postaddress 1":"","länstillhörighet":"14","läns-/kommunkod":"1461"},{"ort":"MJÖLBY","e-post":"mjolbykommun@mjolby.se","webbadress":"http://www.mjolby.se","postnr":"59580","telefon":"0142-850 00","namn":"Mjölby kommun","postaddress 1":"","länstillhörighet":"05","läns-/kommunkod":"0586"},{"ort":"MÖLNDAL","e-post":"kontakt@molndal.se","webbadress":"http://www.molndal.se","postnr":"43182","telefon":"031-315 10 00","namn":"Mölndals stad","postaddress 1":"","länstillhörighet":"14","läns-/kommunkod":"1481"},{"ort":"MÖNSTERÅS","e-post":"kommun@monsteras.se","webbadress":"http://www.monsteras.se","postnr":"38322","telefon":"0499-17000","namn":"Mönsterås kommun","postaddress 1":"Box 54","länstillhörighet":"08","läns-/kommunkod":"0861"},{"ort":"MORA","e-post":"mora.kommun@mora.se","webbadress":"http://www.mora.se","postnr":"79280","telefon":"0250-26000","namn":"Mora kommun","postaddress 1":"","länstillhörighet":"20","läns-/kommunkod":"2062"},{"ort":"MÖRBYLÅNGA","e-post":"kommun@morbylanga.se","webbadress":"http://www.morbylanga.se","postnr":"38680","telefon":"0485-47000","namn":"Mörbylånga kommun","postaddress 1":"","länstillhörighet":"08","läns-/kommunkod":"0840"},{"ort":"MOTALA","e-post":"motala.kommun@motala.se","webbadress":"http://www.motala.se/kommun","postnr":"59186","telefon":"0141-22 50 00","namn":"Motala kommun","postaddress 1":"","länstillhörighet":"05","läns-/kommunkod":"0583"},{"ort":"MULLSJÖ","e-post":"kommun@mullsjo.se","webbadress":"http://www.mullsjo.se","postnr":"56521","telefon":"0392-140 00","namn":"Mullsjö kommun","postaddress 1":"Box 47","länstillhörighet":"06","läns-/kommunkod":"0642"},{"ort":"MUNKEDAL","e-post":"munkedal.kommun@munkedal.se","webbadress":"http://www.munkedal.se","postnr":"45580","telefon":"0524-18000","namn":"Munkedals kommun","postaddress 1":"","länstillhörighet":"14","läns-/kommunkod":"1430"},{"ort":"MUNKFORS","e-post":"kommun@munkfors.se","webbadress":"http://www.munkfors.se","postnr":"68421","telefon":"0563-54 10 00","namn":"Munkfors kommun","postaddress 1":"Box 13","länstillhörighet":"17","läns-/kommunkod":"1762"},{"ort":"NACKA","e-post":"registrator@nacka.se","webbadress":"http://www.nacka.se","postnr":"13181","telefon":"08-718 80 00","namn":"Nacka kommun","postaddress 1":"","länstillhörighet":"01","läns-/kommunkod":"0182"},{"ort":"NÄSSJÖ","e-post":"kommunstyrelsen@nassjo.se","webbadress":"http://www.nassjo.se","postnr":"57180","telefon":"0380-51 80 00","namn":"Nässjö kommun","postaddress 1":"","länstillhörighet":"06","läns-/kommunkod":"0682"},{"ort":"NORA","e-post":"nora.kommun@nora.se","webbadress":"http://www.nora.se","postnr":"71380","telefon":"0587-81000","namn":"Nora kommun","postaddress 1":"Tingshuset","länstillhörighet":"18","läns-/kommunkod":"1884"},{"ort":"NORBERG","e-post":"info@norberg.se","webbadress":"http://www.norberg.se","postnr":"73821","telefon":"0223-290 00","namn":"Norbergs kommun","postaddress 1":"Box 25","länstillhörighet":"19","läns-/kommunkod":"1962"},{"ort":"BERGSJÖ","e-post":"kommun@nordanstig.se","webbadress":"http://www.nordanstig.se","postnr":"82921","telefon":"0652-360 00","namn":"Nordanstigs kommun","postaddress 1":"Box 56","länstillhörighet":"21","läns-/kommunkod":"2132"},{"ort":"NORDMALING","e-post":"kommun@nordmaling.se","webbadress":"http://www.nordmaling.se","postnr":"91481","telefon":"0930-14000","namn":"Nordmalings kommun","postaddress 1":"","länstillhörighet":"24","läns-/kommunkod":"2401"},{"ort":"NORRKÖPING","e-post":"norrkoping.kommun@norrkoping.se","webbadress":"http://www.norrkoping.se","postnr":"60181","telefon":"011-150000","namn":"Norrköpings kommun","postaddress 1":"Rådhuset","länstillhörighet":"05","läns-/kommunkod":"0581"},{"ort":"NORRTÄLJE","e-post":"kontaktcenter@norrtalje.se","webbadress":"http://www.norrtalje.se","postnr":"76128","telefon":"0176-710 00","namn":"Norrtälje kommun","postaddress 1":"Box 800","länstillhörighet":"01","läns-/kommunkod":"0188"},{"ort":"NORSJÖ","e-post":"info@norsjo.se","webbadress":"http://www.norsjo.se","postnr":"93581","telefon":"0918-14000","namn":"Norsjö kommun","postaddress 1":"","länstillhörighet":"24","läns-/kommunkod":"2417"},{"ort":"NYBRO","e-post":"kommun@nybro.se","webbadress":"http://www.nybro.se","postnr":"38280","telefon":"0481-45000","namn":"Nybro kommun","postaddress 1":"","länstillhörighet":"08","läns-/kommunkod":"0881"},{"ort":"NYKÖPING","e-post":"kommun@nykoping.se","webbadress":"http://www.nykoping.se","postnr":"61183","telefon":"0155-248000","namn":"Nyköpings kommun","postaddress 1":"","länstillhörighet":"04","läns-/kommunkod":"0480"},{"ort":"NYKVARN","e-post":"kommun@nykvarn.se","webbadress":"http://www.nykvarn.se","postnr":"15580","telefon":"08-555 01000","namn":"Nykvarns kommun","postaddress 1":"","länstillhörighet":"01","läns-/kommunkod":"0140"},{"ort":"NYNÄSHAMN","e-post":"kommunstyrelsen@nynashamn.se","webbadress":"http://www.nynashamn.se","postnr":"14981","telefon":"08-520 680 00","namn":"Nynäshamns kommun","postaddress 1":"","länstillhörighet":"01","läns-/kommunkod":"0192"},{"ort":"OCKELBO","e-post":"kommun@ockelbo.se","webbadress":"http://www.ockelbo.se","postnr":"81680","telefon":"0297-55500","namn":"Ockelbo kommun","postaddress 1":"","länstillhörighet":"21","läns-/kommunkod":"2101"},{"ort":"ÖCKERÖ","e-post":"kommun@ockero.se","webbadress":"http://www.ockero.se","postnr":"47580","telefon":"031-976200","namn":"Öckerö kommun","postaddress 1":"","länstillhörighet":"14","läns-/kommunkod":"1407"},{"ort":"ÖDESHÖG","e-post":"kommun@odeshog.se","webbadress":"http://www.odeshog.se","postnr":"59980","telefon":"0144-35000","namn":"Ödeshögs kommun","postaddress 1":"","länstillhörighet":"05","läns-/kommunkod":"0509"},{"ort":"OLOFSTRÖM","e-post":"ks@olofstrom.se","webbadress":"http://www.olofstrom.se","postnr":"29324","telefon":"0454-93000","namn":"Olofströms kommun","postaddress 1":"Box 302","länstillhörighet":"10","läns-/kommunkod":"1060"},{"ort":"ÖREBRO","e-post":"kommun@orebro.se","webbadress":"http://www.orebro.se","postnr":"70135","telefon":"019-211000","namn":"Örebro kommun","postaddress 1":"Box 30000","länstillhörighet":"18","läns-/kommunkod":"1880"},{"ort":"ÖRKELLJUNGA","e-post":"kommunkontor@orkelljunga.se","webbadress":"http://www.orkelljunga.se","postnr":"28680","telefon":"0435-55000","namn":"Örkelljunga kommun","postaddress 1":"","länstillhörighet":"12","läns-/kommunkod":"1257"},{"ort":"ÖRNSKÖLDSVIK","e-post":"kommunen@ornskoldsvik.se","webbadress":"http://www.ornskoldsvik.se","postnr":"89188","telefon":"0660-880 00","namn":"Örnsköldsviks kommun","postaddress 1":"","länstillhörighet":"22","läns-/kommunkod":"2284"},{"ort":"ORSA","e-post":"orsa.kommun@orsa.se","webbadress":"http://www.orsa.se","postnr":"79421","telefon":"0250-552100","namn":"Orsa kommun","postaddress 1":"Box 23","länstillhörighet":"20","läns-/kommunkod":"2034"},{"ort":"HENÅN","e-post":"kommun@orust.se","webbadress":"http://www.orust.se","postnr":"47380","telefon":"0304-33 40 00","namn":"Orust kommun","postaddress 1":"","länstillhörighet":"14","läns-/kommunkod":"1421"},{"ort":"OSBY","e-post":"kommun@osby.se","webbadress":"http://www.osby.se","postnr":"28380","telefon":"0479-180 00","namn":"Osby kommun","postaddress 1":"","länstillhörighet":"12","läns-/kommunkod":"1273"},{"ort":"OSKARSHAMN","e-post":"kommunen@oskarshamn.se","webbadress":"http://www.oskarshamn.se","postnr":"57228","telefon":"0491-88000","namn":"Oskarshamns kommun","postaddress 1":"Box 706","länstillhörighet":"08","läns-/kommunkod":"0882"},{"ort":"ÅKERSBERGA","e-post":"kommun@osteraker.se","webbadress":"http://www.osteraker.se","postnr":"18486","telefon":"08-54081000","namn":"Österåkers kommun","postaddress 1":"","länstillhörighet":"01","läns-/kommunkod":"0117"},{"ort":"ÖSTERSUND","e-post":"kundcenter@ostersund.se","webbadress":"http://www.ostersund.se","postnr":"83182","telefon":"063-14 30 00","namn":"Östersunds kommun","postaddress 1":"","länstillhörighet":"23","läns-/kommunkod":"2380"},{"ort":"ÖSTHAMMAR","e-post":"kommunen@osthammar.se","webbadress":"http://www.osthammar.se","postnr":"74221","telefon":"0173-86000","namn":"Östhammars kommun","postaddress 1":"Box 66","länstillhörighet":"03","läns-/kommunkod":"0382"},{"ort":"BROBY","e-post":"kommun@ostragoinge.se","webbadress":"http://www.ostragoinge.se","postnr":"28941","telefon":"044-775 60 00","namn":"Östra Göinge kommun","postaddress 1":"Storgatan 4","länstillhörighet":"12","läns-/kommunkod":"1256"},{"ort":"EDSBYN","e-post":"kommun@ovanaker.se","webbadress":"http://www.ovanaker.se","postnr":"82880","telefon":"0271-570 00","namn":"Ovanåkers kommun","postaddress 1":"","länstillhörighet":"21","läns-/kommunkod":"2121"},{"ort":"ÖVERKALIX","e-post":"kommun@overkalix.se","webbadress":"http://www.overkalix.se","postnr":"95681","telefon":"0926-74000","namn":"Överkalix kommun","postaddress 1":"","länstillhörighet":"25","läns-/kommunkod":"2513"},{"ort":"ÖVERTORNEÅ","e-post":"kommun@overtornea.se","webbadress":"http://www.overtornea.se","postnr":"95785","telefon":"0927-72000","namn":"Övertorneå kommun","postaddress 1":"","länstillhörighet":"25","läns-/kommunkod":"2518"},{"ort":"OXELÖSUND","e-post":"kommun@oxelosund.se","webbadress":"http://www.oxelosund.se","postnr":"61381","telefon":"0155-38000","namn":"Oxelösunds kommun","postaddress 1":"","länstillhörighet":"04","läns-/kommunkod":"0481"},{"ort":"PAJALA","e-post":"kommun@pajala.se","webbadress":"http://www.pajala.se","postnr":"98485","telefon":"0978-12000","namn":"Pajala kommun","postaddress 1":"","länstillhörighet":"25","läns-/kommunkod":"2521"},{"ort":"PARTILLE","e-post":"kundcenter@partille.se","webbadress":"http://www.partille.se","postnr":"43382","telefon":"031-792 10 00","namn":"Partille kommun","postaddress 1":"","länstillhörighet":"14","läns-/kommunkod":"1402"},{"ort":"PERSTORP","e-post":"kommunhuset@perstorp.se","webbadress":"http://www.perstorp.se","postnr":"28485","telefon":"0435-39000","namn":"Perstorps kommun","postaddress 1":"","länstillhörighet":"12","läns-/kommunkod":"1275"},{"ort":"PITEÅ","e-post":"kommun@pitea.se","webbadress":"http://www.pitea.se","postnr":"94185","telefon":"0911-696000","namn":"Piteå kommun","postaddress 1":"","länstillhörighet":"25","läns-/kommunkod":"2581"},{"ort":"HAMMARSTRAND","e-post":"ragunda.kommun@ragunda.se","webbadress":"http://www.ragunda.se","postnr":"84421","telefon":"0696-68 20 00","namn":"Ragunda kommun","postaddress 1":"Box 150","länstillhörighet":"23","läns-/kommunkod":"2303"},{"ort":"RÄTTVIK","e-post":"kommun@rattvik.se","webbadress":"http://www.rattvik.se","postnr":"79580","telefon":"0248-70000","namn":"Rättviks kommun","postaddress 1":"","länstillhörighet":"20","läns-/kommunkod":"2031"},{"ort":"VISBY","e-post":"regiongotland@gotland.se","webbadress":"http://www.gotland.se","postnr":"62181","telefon":"0498-26 90 00","namn":"Region Gotland (kommun)","postaddress 1":"","länstillhörighet":"09","läns-/kommunkod":"0980"},{"ort":"ROBERTSFORS","e-post":"kommun@robertsfors.se","webbadress":"http://www.robertsfors.se","postnr":"91581","telefon":"0934-14000","namn":"Robertsfors kommun","postaddress 1":"","länstillhörighet":"24","läns-/kommunkod":"2409"},{"ort":"RONNEBY","e-post":"stadshuset@ronneby.se","webbadress":"http://www.ronneby.se","postnr":"37280","telefon":"0457-618000","namn":"Ronneby kommun","postaddress 1":"Stadshuset","länstillhörighet":"10","läns-/kommunkod":"1081"},{"ort":"SÄFFLE","e-post":"kommun@saffle.se","webbadress":"http://www.saffle.se","postnr":"66180","telefon":"0533-681000","namn":"Säffle kommun","postaddress 1":"","länstillhörighet":"17","läns-/kommunkod":"1785"},{"ort":"SALA","e-post":"kommun.info@sala.se","webbadress":"http://www.sala.se","postnr":"73325","telefon":"0224-74 70 00","namn":"Sala kommun","postaddress 1":"Box 304","länstillhörighet":"19","läns-/kommunkod":"1981"},{"ort":"RÖNNINGE","e-post":"info@salem.se","webbadress":"http://www.salem.se","postnr":"14480","telefon":"08-53259800","namn":"Salems kommun","postaddress 1":"","länstillhörighet":"01","läns-/kommunkod":"0128"},{"ort":"SANDVIKEN","e-post":"kommun@sandviken.se","webbadress":"http://www.sandviken.se","postnr":"81180","telefon":"026-240000","namn":"Sandvikens kommun","postaddress 1":"","länstillhörighet":"21","läns-/kommunkod":"2181"},{"ort":"SÄTER","e-post":"kommun@sater.se","webbadress":"http://www.sater.se","postnr":"78327","telefon":"0225-550 00","namn":"Säters kommun","postaddress 1":"Box 300","länstillhörighet":"20","läns-/kommunkod":"2082"},{"ort":"SÄVSJÖ","e-post":"kommun@savsjo.se","webbadress":"http://www.savsjo.se","postnr":"57680","telefon":"0382-15200","namn":"Sävsjö kommun","postaddress 1":"","länstillhörighet":"06","läns-/kommunkod":"0684"},{"ort":"MÄRSTA","e-post":"sigtuna.kommun@sigtuna.se","webbadress":"http://www.sigtuna.se","postnr":"19585","telefon":"08-59126000","namn":"Sigtuna kommun","postaddress 1":"","länstillhörighet":"01","läns-/kommunkod":"0191"},{"ort":"SIMRISHAMN","e-post":"simrishamns.kommun@simrishamn.se","webbadress":"http://www.simrishamn.se","postnr":"27280","telefon":"0414-81 90 00","namn":"Simrishamns kommun","postaddress 1":"","länstillhörighet":"12","läns-/kommunkod":"1291"},{"ort":"SJÖBO","e-post":"kommun@sjobo.se","webbadress":"http://www.sjobo.se","postnr":"27580","telefon":"0416-27000","namn":"Sjöbo kommun","postaddress 1":"","länstillhörighet":"12","läns-/kommunkod":"1265"},{"ort":"SKARA","e-post":"skara.kommun@skara.se","webbadress":"http://www.skara.se","postnr":"53288","telefon":"0511-32000","namn":"Skara kommun","postaddress 1":"","länstillhörighet":"14","läns-/kommunkod":"1495"},{"ort":"SKELLEFTEÅ","e-post":"kundtjanst@skelleftea.se","webbadress":"http://www.skelleftea.se","postnr":"93185","telefon":"0910-735000","namn":"Skellefteå kommun","postaddress 1":"","länstillhörighet":"24","läns-/kommunkod":"2482"},{"ort":"SKINNSKATTEBERG","e-post":"kommun@skinnskatteberg.se","webbadress":"http://www.skinnskatteberg.se","postnr":"73922","telefon":"0222-45000","namn":"Skinnskattebergs kommun","postaddress 1":"Box 101","länstillhörighet":"19","läns-/kommunkod":"1904"},{"ort":"SKÖVDE","e-post":"skovdekommun@skovde.se","webbadress":"http://www.skovde.se","postnr":"54183","telefon":"0500-49 80 00","namn":"Skövde kommun","postaddress 1":"","länstillhörighet":"14","läns-/kommunkod":"1496"},{"ort":"SKURUP","e-post":"kansli@skurup.se","webbadress":"http://www.skurup.se","postnr":"27480","telefon":"0411-536000","namn":"Skurups kommun","postaddress 1":"","länstillhörighet":"12","läns-/kommunkod":"1264"},{"ort":"SMEDJEBACKEN","e-post":"kommun@smedjebacken.se","webbadress":"http://www.smedjebacken.se","postnr":"77781","telefon":"0240-660000","namn":"Smedjebackens kommun","postaddress 1":"","länstillhörighet":"20","läns-/kommunkod":"2061"},{"ort":"SÖDERHAMN","e-post":"kommunstyrelsen@soderhamn.se","webbadress":"http://www.soderhamn.se","postnr":"82680","telefon":"0270-75000","namn":"Söderhamns kommun","postaddress 1":"","länstillhörighet":"21","läns-/kommunkod":"2182"},{"ort":"SÖDERKÖPING","e-post":"kommun@soderkoping.se","webbadress":"http://www.soderkoping.se","postnr":"61480","telefon":"0121-18100","namn":"Söderköpings kommun","postaddress 1":"","länstillhörighet":"05","läns-/kommunkod":"0582"},{"ort":"SÖDERTÄLJE","e-post":"sodertalje.kommun@sodertalje.se","webbadress":"http://www.sodertalje.se","postnr":"15189","telefon":"08-523 010 00","namn":"Södertälje kommun","postaddress 1":"","länstillhörighet":"01","läns-/kommunkod":"0181"},{"ort":"SOLLEFTEÅ","e-post":"kommun@solleftea.se","webbadress":"http://www.solleftea.se","postnr":"88180","telefon":"0620-682000","namn":"Sollefteå kommun","postaddress 1":"","länstillhörighet":"22","läns-/kommunkod":"2283"},{"ort":"SOLLENTUNA","e-post":"sollentuna.kommun@sollentuna.se","webbadress":"http://www.sollentuna.se","postnr":"19186","telefon":"08-57921000","namn":"Sollentuna kommun","postaddress 1":"","länstillhörighet":"01","läns-/kommunkod":"0163"},{"ort":"SOLNA","e-post":"kommunstyrelsen@solna.se","webbadress":"http://www.solna.se","postnr":"17186","telefon":"08-746 10 00","namn":"Solna stad","postaddress 1":"","länstillhörighet":"01","läns-/kommunkod":"0184"},{"ort":"SÖLVESBORG","e-post":"info@solvesborg.se","webbadress":"http://www.solvesborg.se","postnr":"29480","telefon":"0456-81 60 00","namn":"Sölvesborgs kommun","postaddress 1":"","länstillhörighet":"10","läns-/kommunkod":"1083"},{"ort":"SORSELE","e-post":"kommun@sorsele.se","webbadress":"http://www.sorsele.se","postnr":"92481","telefon":"0952-140 00","namn":"Sorsele kommun","postaddress 1":"","länstillhörighet":"24","läns-/kommunkod":"2422"},{"ort":"KUNGSHAMN","e-post":"info@sotenas.se","webbadress":"http://www.sotenas.se","postnr":"45680","telefon":"0523 - 66 40 00","namn":"Sotenäs kommun","postaddress 1":"","länstillhörighet":"14","läns-/kommunkod":"1427"},{"ort":"STAFFANSTORP","e-post":"kommunen@staffanstorp.se","webbadress":"http://www.staffanstorp.se","postnr":"24580","telefon":"046-251100","namn":"Staffanstorps kommun","postaddress 1":"","länstillhörighet":"12","läns-/kommunkod":"1230"},{"ort":"STENUNGSUND","e-post":"kommun@stenungsund.se","webbadress":"http://www.stenungsund.se","postnr":"44482","telefon":"0303-730000","namn":"Stenungsunds kommun","postaddress 1":"","länstillhörighet":"14","läns-/kommunkod":"1415"},{"ort":"STOCKHOLM","e-post":"kommunstyrelsen@stockholm.se","webbadress":"http://www.stockholm.se","postnr":"10535","telefon":"08 - 508 290 00","namn":"Stockholms stad","postaddress 1":"Stadshuset","länstillhörighet":"01","läns-/kommunkod":"0180"},{"ort":"STORFORS","e-post":"storfors.kommun@storfors.se","webbadress":"http://www.storfors.se","postnr":"68829","telefon":"0550-65100","namn":"Storfors kommun","postaddress 1":"Box 1001","länstillhörighet":"17","läns-/kommunkod":"1760"},{"ort":"STORUMAN","e-post":"ks@storuman.se","webbadress":"http://www.storuman.se","postnr":"92381","telefon":"0951-14000","namn":"Storumans kommun","postaddress 1":"","länstillhörighet":"24","läns-/kommunkod":"2421"},{"ort":"STRÄNGNÄS","e-post":"kommun@strangnas.se","webbadress":"http://www.strangnas.se","postnr":"64580","telefon":"0152-291 00","namn":"Strängnäs kommun","postaddress 1":"","länstillhörighet":"04","läns-/kommunkod":"0486"},{"ort":"STRÖMSTAD","e-post":"kommun@stromstad.se","webbadress":"http://www.stromstad.se","postnr":"45280","telefon":"0526-19000","namn":"Strömstads kommun","postaddress 1":"","länstillhörighet":"14","läns-/kommunkod":"1486"},{"ort":"STRÖMSUND","e-post":"kommun@stromsund.se","webbadress":"http://www.stromsund.se","postnr":"83324","telefon":"0670-161 00","namn":"Strömsunds kommun","postaddress 1":"Box 500","länstillhörighet":"23","läns-/kommunkod":"2313"},{"ort":"SUNDBYBERG","e-post":"kommunstyrelsen@sundbyberg.se","webbadress":"http://www.sundbyberg.se","postnr":"17292","telefon":"08-7068000","namn":"Sundbybergs stad","postaddress 1":"","länstillhörighet":"01","läns-/kommunkod":"0183"},{"ort":"SUNDSVALL","e-post":"sundsvalls.kommun@sundsvall.se","webbadress":"http://www.sundsvall.se","postnr":"85185","telefon":"060-191000","namn":"Sundsvalls kommun","postaddress 1":"","länstillhörighet":"22","läns-/kommunkod":"2281"},{"ort":"SUNNE","e-post":"kommun@sunne.se","webbadress":"http://www.sunne.se","postnr":"68680","telefon":"0565-16000","namn":"Sunne kommun","postaddress 1":"","länstillhörighet":"17","läns-/kommunkod":"1766"},{"ort":"SURAHAMMAR","e-post":"kommunen@surahammar.se","webbadress":"http://www.surahammar.se","postnr":"73523","telefon":"0220-39000","namn":"Surahammars kommun","postaddress 1":"Box 203","länstillhörighet":"19","läns-/kommunkod":"1907"},{"ort":"SVALÖV","e-post":"info@svalov.se","webbadress":"http://www.svalov.se","postnr":"26880","telefon":"0418-475000","namn":"Svalövs kommun","postaddress 1":"","länstillhörighet":"12","läns-/kommunkod":"1214"},{"ort":"SVEDALA","e-post":"kommunen@svedala.se","webbadress":"http://www.svedala.se","postnr":"23380","telefon":"040-626 80 00","namn":"Svedala kommun","postaddress 1":"","länstillhörighet":"12","läns-/kommunkod":"1263"},{"ort":"SVENLJUNGA","e-post":"kansliet@svenljunga.se","webbadress":"http://www.svenljunga.se","postnr":"51280","telefon":"0325-18000","namn":"Svenljunga kommun","postaddress 1":"","länstillhörighet":"14","läns-/kommunkod":"1465"},{"ort":"TÄBY","e-post":"kc@taby.se","webbadress":"http://www.taby.se","postnr":"18380","telefon":"08-555 590 00","namn":"Täby kommun","postaddress 1":"","länstillhörighet":"01","läns-/kommunkod":"0160"},{"ort":"TANUMSHEDE","e-post":"kommun@tanum.se","webbadress":"http://www.tanum.se","postnr":"45781","telefon":"0525-180 00","namn":"Tanums kommun","postaddress 1":"","länstillhörighet":"14","läns-/kommunkod":"1435"},{"ort":"TIBRO","e-post":"kommun@tibro.se","webbadress":"http://www.tibro.se","postnr":"54380","telefon":"0504-18000","namn":"Tibro kommun","postaddress 1":"","länstillhörighet":"14","läns-/kommunkod":"1472"},{"ort":"TIDAHOLM","e-post":"tidaholms.kommun@tidaholm.se","webbadress":"http://www.tidaholm.se","postnr":"52283","telefon":"0502-606000","namn":"Tidaholms kommun","postaddress 1":"","länstillhörighet":"14","läns-/kommunkod":"1498"},{"ort":"TIERP","e-post":"kommunstyrelsen@tierp.se","webbadress":"http://www.tierp.se","postnr":"81580","telefon":"0293-18000","namn":"Tierps kommun","postaddress 1":"","länstillhörighet":"03","läns-/kommunkod":"0360"},{"ort":"TIMRÅ","e-post":"timra.kommun@timra.se","webbadress":"http://www.timra.se","postnr":"86182","telefon":"060-163100","namn":"Timrå kommun","postaddress 1":"","länstillhörighet":"22","läns-/kommunkod":"2262"},{"ort":"TINGSRYD","e-post":"kommunen@tingsryd.se","webbadress":"http://www.tingsryd.se","postnr":"36222","telefon":"0477-44100","namn":"Tingsryds kommun","postaddress 1":"Box 88","länstillhörighet":"07","läns-/kommunkod":"0763"},{"ort":"SKÄRHAMN","e-post":"kommun@tjorn.se","webbadress":"http://www.tjorn.se","postnr":"47180","telefon":"0304-601000","namn":"Tjörns kommun","postaddress 1":"","länstillhörighet":"14","läns-/kommunkod":"1419"},{"ort":"TOMELILLA","e-post":"kommun@tomelilla.se","webbadress":"http://www.tomelilla.se","postnr":"27380","telefon":"0417-18000","namn":"Tomelilla kommun","postaddress 1":"","länstillhörighet":"12","läns-/kommunkod":"1270"},{"ort":"TÖREBODA","e-post":"kommunen@toreboda.se","webbadress":"http://www.toreboda.se","postnr":"54522","telefon":"0506-18000","namn":"Töreboda kommun","postaddress 1":"Box 83","länstillhörighet":"14","läns-/kommunkod":"1473"},{"ort":"TORSÅS","e-post":"info@torsas.se","webbadress":"http://www.torsas.se","postnr":"38525","telefon":"0486-33100","namn":"Torsås kommun","postaddress 1":"Box 503","länstillhörighet":"08","läns-/kommunkod":"0834"},{"ort":"TORSBY","e-post":"torsby.kommun@torsby.se","webbadress":"http://www.torsby.se","postnr":"68580","telefon":"0560-16000","namn":"Torsby kommun","postaddress 1":"","länstillhörighet":"17","läns-/kommunkod":"1737"},{"ort":"TRANÅS","e-post":"tranaskommun@tranas.se","webbadress":"http://www.tranas.se","postnr":"57382","telefon":"0140-68100","namn":"Tranås kommun","postaddress 1":"","länstillhörighet":"06","läns-/kommunkod":"0687"},{"ort":"TRANEMO","e-post":"kommun@tranemo.se","webbadress":"http://www.tranemo.se","postnr":"51480","telefon":"0325-576000","namn":"Tranemo kommun","postaddress 1":"","länstillhörighet":"14","läns-/kommunkod":"1452"},{"ort":"TRELLEBORG","e-post":"trelleborgs.kommun@trelleborg.se","webbadress":"http://www.trelleborg.se","postnr":"23183","telefon":"0410-733000","namn":"Trelleborgs kommun","postaddress 1":"","länstillhörighet":"12","läns-/kommunkod":"1287"},{"ort":"TROLLHÄTTAN","e-post":"trollhattans.stad@trollhattan.se","webbadress":"http://www.trollhattan.se","postnr":"46183","telefon":"0520-495000","namn":"Trollhättans stad","postaddress 1":"","länstillhörighet":"14","läns-/kommunkod":"1488"},{"ort":"TROSA","e-post":"trosa@trosa.se","webbadress":"http://www.trosa.se","postnr":"61980","telefon":"0156-52000","namn":"Trosa kommun","postaddress 1":"","länstillhörighet":"04","läns-/kommunkod":"0488"},{"ort":"TYRESÖ","e-post":"kommun@tyreso.se","webbadress":"http://www.tyreso.se","postnr":"13581","telefon":"08-5782 9100","namn":"Tyresö kommun","postaddress 1":"","länstillhörighet":"01","läns-/kommunkod":"0138"},{"ort":"UDDEVALLA","e-post":"kommunen@uddevalla.se","webbadress":"http://www.uddevalla.se","postnr":"45181","telefon":"0522-696000","namn":"Uddevalla kommun","postaddress 1":"","länstillhörighet":"14","läns-/kommunkod":"1485"},{"ort":"ULRICEHAMN","e-post":"kommun@ulricehamn.se","webbadress":"http://www.ulricehamn.se","postnr":"52386","telefon":"0321-595000","namn":"Ulricehamns kommun","postaddress 1":"","länstillhörighet":"14","läns-/kommunkod":"1491"},{"ort":"UMEÅ","e-post":"umea.kommun@umea.se","webbadress":"http://www.umea.se","postnr":"90184","telefon":"090- 16 10 00","namn":"Umeå kommun","postaddress 1":"","länstillhörighet":"24","läns-/kommunkod":"2480"},{"ort":"UPPLANDS VÄSBY","e-post":"upplands.vasby.kommun@upplandsvasby.se","webbadress":"http://www.upplandsvasby.se","postnr":"19480","telefon":"08-590 970 00","namn":"Upplands Väsby kommun","postaddress 1":"","länstillhörighet":"01","läns-/kommunkod":"0114"},{"ort":"KUNGSÄNGEN","e-post":"kommun@upplands-bro.se","webbadress":"http://www.upplands-bro.se","postnr":"19681","telefon":"08-581 690 00","namn":"Upplands-Bro kommun","postaddress 1":"","länstillhörighet":"01","läns-/kommunkod":"0139"},{"ort":"UPPSALA","e-post":"uppsala.kommun@uppsala.se","webbadress":"http://www.uppsala.se","postnr":"75375","telefon":"018-7270000","namn":"Uppsala kommun","postaddress 1":"","länstillhörighet":"03","läns-/kommunkod":"0380"},{"ort":"ÅSEDA","e-post":"ledningskontoret@uppvidinge.se","webbadress":"http://www.uppvidinge.se","postnr":"36421","telefon":"0474-470 00","namn":"Uppvidinge kommun","postaddress 1":"Box 59","länstillhörighet":"07","läns-/kommunkod":"0760"},{"ort":"VADSTENA","e-post":"vadstena.kommun@vadstena.se","webbadress":"http://www.vadstena.se","postnr":"59280","telefon":"0143-15000","namn":"Vadstena kommun","postaddress 1":"","länstillhörighet":"05","läns-/kommunkod":"0584"},{"ort":"SKILLINGARYD","e-post":"info@vaggeryd.se","webbadress":"http://www.vaggeryd.se","postnr":"56821","telefon":"0370-67 80 00","namn":"Vaggeryds kommun","postaddress 1":"Box 43","länstillhörighet":"06","läns-/kommunkod":"0665"},{"ort":"VALDEMARSVIK","e-post":"kommun@valdemarsvik.se","webbadress":"http://www.valdemarsvik.se","postnr":"61580","telefon":"0123-19100","namn":"Valdemarsviks kommun","postaddress 1":"","länstillhörighet":"05","läns-/kommunkod":"0563"},{"ort":"VALLENTUNA","e-post":"kommun@vallentuna.se","webbadress":"http://www.vallentuna.se","postnr":"18686","telefon":"08-58785000","namn":"Vallentuna kommun","postaddress 1":"","länstillhörighet":"01","läns-/kommunkod":"0115"},{"ort":"VÄNERSBORG","e-post":"kommun@vanersborg.se","webbadress":"http://www.vanersborg.se","postnr":"46285","telefon":"0521-721000","namn":"Vänersborgs kommun","postaddress 1":"","länstillhörighet":"14","läns-/kommunkod":"1487"},{"ort":"VÄNNÄS","e-post":"vannas.kommun@vannas.se","webbadress":"http://www.vannas.se","postnr":"91181","telefon":"0935-14000","namn":"Vännäs kommun","postaddress 1":"","länstillhörighet":"24","läns-/kommunkod":"2460"},{"ort":"VANSBRO","e-post":"vansbro.kommun@vansbro.se","webbadress":"http://www.vansbro.se","postnr":"78050","telefon":"0281-750 00","namn":"Vansbro kommun","postaddress 1":"","länstillhörighet":"20","läns-/kommunkod":"2021"},{"ort":"VARA","e-post":"vara.kommun@vara.se","webbadress":"http://www.vara.se","postnr":"53481","telefon":"0512-31000","namn":"Vara kommun","postaddress 1":"","länstillhörighet":"14","läns-/kommunkod":"1470"},{"ort":"VARBERG","e-post":"ks@varberg.se","webbadress":"http://www.varberg.se","postnr":"43280","telefon":"0340-880 00","namn":"Varbergs kommun","postaddress 1":"","länstillhörighet":"13","läns-/kommunkod":"1383"},{"ort":"VÅRGÅRDA","e-post":"kommunen@vargarda.se","webbadress":"http://www.vargarda.se","postnr":"44780","telefon":"0322-600600","namn":"Vårgårda kommun","postaddress 1":"","länstillhörighet":"14","läns-/kommunkod":"1442"},{"ort":"GUSTAVSBERG","e-post":"varmdo.kommun@varmdo.se","webbadress":"http://www.varmdo.se","postnr":"13481","telefon":"08-57047000","namn":"Värmdö kommun","postaddress 1":"","länstillhörighet":"01","läns-/kommunkod":"0120"},{"ort":"VÄRNAMO","e-post":"kontaktcenter@varnamo.se","webbadress":"http://www.varnamo.se","postnr":"33183","telefon":"0370-37 70 00","namn":"Värnamo kommun","postaddress 1":"","länstillhörighet":"06","läns-/kommunkod":"0683"},{"ort":"VÄSTERÅS","e-post":"kommunstyrelsen@vasteras.se","webbadress":"http://www.vasteras.se","postnr":"72187","telefon":"021-39 00 00","namn":"Västerås stad","postaddress 1":"Stadshuset","länstillhörighet":"19","läns-/kommunkod":"1980"},{"ort":"VÄSTERVIK","e-post":"kommun@vastervik.se","webbadress":"http://www.vastervik.se","postnr":"59380","telefon":"0490-254000","namn":"Västerviks kommun","postaddress 1":"","länstillhörighet":"08","läns-/kommunkod":"0883"},{"ort":"VAXHOLM","e-post":"kansliet@vaxholm.se","webbadress":"http://www.vaxholm.se","postnr":"18583","telefon":"08-54170800","namn":"Vaxholms stad","postaddress 1":"","länstillhörighet":"01","läns-/kommunkod":"0187"},{"ort":"VÄXJÖ","e-post":"kommunstyrelsen@vaxjo.se","webbadress":"http://www.vaxjo.se","postnr":"35112","telefon":"0470-41000","namn":"Växjö kommun","postaddress 1":"Box 1222","länstillhörighet":"07","läns-/kommunkod":"0780"},{"ort":"VELLINGE","e-post":"vellinge.kommun@vellinge.se","webbadress":"http://www.vellinge.se","postnr":"23581","telefon":"040-42 50 00","namn":"Vellinge kommun","postaddress 1":"","länstillhörighet":"12","läns-/kommunkod":"1233"},{"ort":"VETLANDA","e-post":"kommun@vetlanda.se","webbadress":"http://www.vetlanda.se","postnr":"57480","telefon":"0383-97100","namn":"Vetlanda kommun","postaddress 1":"","länstillhörighet":"06","läns-/kommunkod":"0685"},{"ort":"VILHELMINA","e-post":"vilhelmina.kommun@vilhelmina.se","webbadress":"http://www.vilhelmina.se","postnr":"91281","telefon":"0940-14000","namn":"Vilhelmina kommun","postaddress 1":"","länstillhörighet":"24","läns-/kommunkod":"2462"},{"ort":"VIMMERBY","e-post":"kommun@vimmerby.se","webbadress":"http://www.vimmerby.se","postnr":"59881","telefon":"0492-769000","namn":"Vimmerby kommun","postaddress 1":"Stadshuset","länstillhörighet":"08","läns-/kommunkod":"0884"},{"ort":"VINDELN","e-post":"vindelns.kommun@vindeln.se","webbadress":"http://www.vindeln.se","postnr":"92281","telefon":"0933-14000","namn":"Vindelns kommun","postaddress 1":"","länstillhörighet":"24","läns-/kommunkod":"2404"},{"ort":"VINGÅKER","e-post":"kommun@vingaker.se","webbadress":"http://www.vingaker.se","postnr":"64380","telefon":"0151-191 00","namn":"Vingåkers kommun","postaddress 1":"","länstillhörighet":"04","läns-/kommunkod":"0428"},{"ort":"YDRE","e-post":"ydre.kommun@ydre.se","webbadress":"http://www.ydre.se","postnr":"57374","telefon":"0381-66 12 00","namn":"Ydre kommun","postaddress 1":"Torget 4","länstillhörighet":"05","läns-/kommunkod":"0512"},{"ort":"YSTAD","e-post":"kommunen@ystad.se","webbadress":"http://www.ystad.se","postnr":"27180","telefon":"0411-577000","namn":"Ystads kommun","postaddress 1":"","länstillhörighet":"12","läns-/kommunkod":"1286"}]}